Keywords,,Category[0-4],,what,,else,,could here lay,
.net,,,,
2-dimensional,,,,
3-dimensional,,,,
360 vision,,,,
360-camera,,,,
3d,,,,
3d-modelling,,,,
5g,,,,
accessibility,,,,
ai,,,,
algorithm,,,,
amazon web services,,,,
anaconda python,,,,
android,,,,
api management,,,,
application architecture,,,,
ar,,,,
arduino,,,,
artificial inteligence,,,,
artificial intelligence,,,,
asp.net,,,,
audio,,,,
audio design,,,,
audio game,,,,
auditory effects,,,,
augmented reality,,,,
automation,,,,
aws,,,,
axway b2bi,,,,
backend,,,,
balance,,,,
balancing,,,,
beamforming,,,,
biosensor,,,,
bldc,,,,
blender,,,,
bus,,,,
c#,,,,
c++,,,,
calorie calculation,,,,
canonical data model ,,,,
case management,,,,
cloud computing,,,,
cloud service,,,,
cloud-server,,,,
cluster,,,,
communication,,,,
composing,,,,
computer vision,,,,
continuous integration,,,,
converters,,,,
convolution neural network,,,,
core drives,,,,
correlation,,,,
cross-platform development,,,,
cyber security,,,,
cybersecurity,,,,
data analysis,,,,
data augmentation,,,,
data science,,,,
data transfer,,,,
data warehousing ,,,,
data-oriented design,,,,
database,,,,
databases,,,,
deep learning,,,,
deeplearning4j,,,,
design,,,,
desktop virtualization,,,,
dev ops,,,,
devops,,,,
diegetic,,,,
digital marketing,,,,
digital signage,,,,
docker,,,,
document management,,,,
dollar auction,,,,
dots,,,,
dr martin shubik,,,,
e-commerce,,,,
education,,,,
eeg,,,,
electric scooter,,,,
electricity,,,,
electronics,,,,
embedded device,,,,
encryption,,,,
end device,,,,
energy expenditure,,,,
event,,,,
ex parte quayle,,,,
exercise,,,,
expo cli,,,,
express,,,,
eye tracking,,,,
failure,,,,
flutter,,,,
formal precommitment mechanism,,,,
fpga,,,,
framework,,,,
ftp,,,,
full-stack,,,,
futuristic,,,,
game,,,,
game design,,,,
game development,,,,
game elements ,,,,
game engine ,,,,
game industry,,,,
game mechanics,,,,
game testing,,,,
game theory,,,,
games,,,,
gamification,,,,
gdpr,,,,
generative adversarial networks,,,,
git,,,,
gitlab ci/cd,,,,
gliomas,,,,
gprd,,,,
grafana,,,,
grid,,,,
gsr,,,,
hacking,,,,
hand tracking,,,,
hand-painted,,,,
hass,,,,
headless architecture ,,,,
hearing,,,,
heart rate,,,,
heightmap,,,,
heuristic evaluation ,,,,
high-performance computing,,,,
home assistant,,,,
horror game,,,,
http,,,,
hypervisor,,,,
iaas,,,,
iconography,,,,
image captioning,,,,
image classification,,,,
image segmentation,,,,
immersion,,,,
imotions,,,,
indie games,,,,
information and communications,,,,
information security,,,,
integration,,,,
interaction,,,,
interface colour palette,,,,
interfaces,,,,
internet of things,,,,
ios,,,,
iot,,,,
iot platform,,,,
it,,,,
ivd,,,,
java,,,,
javascript,,,,
kilocalories,,,,
learning environments,,,,
learning experience,,,,
learning game,,,,
led,,,,
lod,,,,
logic apps,,,,
loopback ,,,,
machine learning,,,,
machine learning ,,,,
malware,,,,
management system,,,,
manual testing,,,,
marketing,,,,
medical device,,,,
medical imaging,,,,
messaging,,,,
metabolic rate,,,,
microcontroller,,,,
micromobility,,,,
microservice architecture,,,,
microsoft azure,,,,
mirror,,,,
mixed reality,,,,
mmimo,,,,
mobile,,,,
mobile application,,,,
mobile application development ,,,,
mobile development,,,,
mobile game,,,,
mobile-first,,,,
modeling,,,,
moderated remote usability testing,,,,
mongodb,,,,
monitoring,,,,
monolith architecture,,,,
motion capture,,,,
mpi,,,,
mqtt,,,,
multiplayer,,,,
multithreading ,,,,
network,,,,
neural network,,,,
nvidia jetson nano,,,,
object detection,,,,
object tracking,,,,
oculus quest,,,,
optimization,,,,
owasp,,,,
oxygen uptake,,,,
paradox of escalation,,,,
particle system,,,,
patent claims,,,,
pcb,,,,
perception neuron,,,,
personal information ,,,,
phased array antenna,,,,
photon,,,,
pipa,,,,
post-processing,,,,
prc cybersecurity law,,,,
prefunding algorithm,,,,
procedural generation,,,,
production,,,,
programming,,,,
project,,,,
prometheus,,,,
pwa,,,,
python,,,,
qian,,,,
qt,,,,
quality,,,,
ransomware,,,,
react,,,,
react native,,,,
real-estate sector,,,,
real-time,,,,
regulation,,,,
reinforcement learning,,,,
reliability,,,,
remote usability testing,,,,
remote work,,,,
rf design ,,,,
rhythm game,,,,
robot operating system,,,,
rokoko smartsuit,,,,
ruby on rails,,,,
running,,,,
saas,,,,
science,,,,
scripting,,,,
sdma,,,,
security,,,,
security test,,,,
serious game,,,,
serious games,,,,
server virtualization,,,,
service,,,,
service interface,,,,
simulation,,,,
slurm,,,,
smart home,,,,
smart homes,,,,
software,,,,
software development,,,,
solo development,,,,
sound processing,,,,
spatial audio,,,,
sql,,,,
ssd,,,,
standard,,,,
strategy,,,,
stress screening,,,,
supervised learning,,,,
system integration,,,,
technology,,,,
temperature,,,,
tensorflow,,,,
terrain generation,,,,
testing,,,,
texturing,,,,
thermal,,,,
think aloud protocol,,,,
threats,,,,
three-dimensional,,,,
tracking,,,,
traffic,,,,
transfer learning,,,,
typing game,,,,
ui,,,,
unity,,,,
unreal engine,,,,
unreal engine 4,,,,
unreal engine 4 ,,,,
usability,,,,
usability testing,,,,
usability testing ,,,,
user experience,,,,
user interface,,,,
user testing ,,,,
ux,,,,
varjo,,,,
vfx,,,,
vhdl,,,,
video,,,,
video game,,,,
video game graphics,,,,
virtual reality,,,,
virus,,,,
visual design,,,,
visual effect,,,,
visualization,,,,
vr,,,,
vr (virtual reality),,,,
vr simulation,,,,
vr-game,,,,
vuejs,,,,
vulnerabilities,,,,
vulnerability,,,,
web,,,,
web application,,,,
web development,,,,
web service,,,,
web usability,,,,
web-based service,,,,
webassembly,,,,
weight,,,,
wi-fi,,,,
wireless,,,,
wireless communication,,,,
writer identification,,,,
xamarin.forms,,,,
,,,,
,,,,
,,,,
,,,,
,,,,
,,,,
,,,,
,,,,
,,,,
,,,,
,,,,
,,,,
,,,,
,,,,
,,,,
,,,,
,,,,
,,,,
,,,,
,,,,
,,,,
,,,,
,,,,
,,,,
,,,,
,,,,
,,,,
,,,,
,,,,
,,,,
,,,,
,,,,
,,,,
,,,,
,,,,
,,,,
,,,,
,,,,
,,,,
,,,,
,,,,
,,,,
,,,,
,,,,
,,,,
,,,,
,,,,
,,,,
,,,,
,,,,
,,,,
,,,,
,,,,
,,,,
,,,,
,,,,
,,,,
,,,,
,,,,
,,,,
,,,,
,,,,
,,,,
,,,,
,,,,
,,,,
,,,,
,,,,
,,,,
,,,,
,,,,
,,,,
,,,,
,,,,
,,,,
,,,,
,,,,
,,,,
,,,,
,,,,
,,,,
,,,,
,,,,
,,,,
,,,,
,,,,
,,,,
,,,,
,,,,
,,,,
,,,,
,,,,
,,,,
,,,,
,,,,
,,,,
,,,,
,,,,
,,,,
,,,,
,,,,
,,,,
,,,,
,,,,
,,,,
,,,,
,,,,
,,,,
,,,,
,,,,
,,,,
,,,,
,,,,
,,,,
,,,,
,,,,
,,,,
,,,,
