Keywords,Category[0-4],what,else,could here lay
case management,,,,
document management,,,,
dev ops,,,,
software,,,,
virtual reality,,,,
multiplayer,,,,
unity,,,,
framework,,,,
mirror,,,,
photon,,,,
cloud service,,,,
medical device,,,,
regulation,,,,
standard,,,,
gdpr,,,,
ivd,,,,
saas,,,,
internet of things,,,,
smart homes,,,,
machine learning,,,,
cyber security,,,,
artificial inteligence,,,,
mobile game,,,,
learning game,,,,
auditory effects,,,,
immersion,,,,
game design,,,,
game theory,,,,
database,,,,
vulnerabilities,,,,
threats,,,,
backend,,,,
game development,,,,
unity,,,,
accessibility,,,,
procedural generation,,,,
machine learning,,,,
supervised learning,,,,
data science,,,,
visualization,,,,
deep learning,,,,
generative adversarial networks,,,,
gliomas,,,,
image segmentation,,,,
medical imaging,,,,
unity,,,,
ui,,,,
mobile,,,,
games,,,,
optimization,,,,
mobile application,,,,
algorithm,,,,
exercise,,,,
running,,,,
data analysis,,,,
robot operating system,,,,
smart home,,,,
mqtt,,,,
microcontroller,,,,
home assistant,,,,
virtual reality,,,,
imotions,,,,
biosensor,,,,
eye tracking,,,,
heart rate,,,,
gsr,,,,
serious game,,,,
mobile development,,,,
c#,,,,
.net,,,,
programming,,,,
xamarin.forms,,,,
asp.net,,,,
augmented reality,,,,
virtual reality,,,,
technology,,,,
education,,,,
learning environments,,,,
learning experience,,,,
object detection,,,,
object tracking,,,,
computer vision,,,,
machine learning,,,,
deep learning,,,,
neural network,,,,
tensorflow,,,,
c#,,,,
ftp,,,,
data warehousing ,,,,
data transfer,,,,
databases,,,,
sql,,,,
software development,,,,
interfaces,,,,
machine learning,,,,
reinforcement learning,,,,
anaconda python,,,,
python,,,,
calorie calculation,,,,
energy expenditure,,,,
metabolic rate,,,,
kilocalories,,,,
weight,,,,
heart rate,,,,
oxygen uptake,,,,
diegetic,,,,
immersion,,,,
user experience,,,,
user interface,,,,
video game,,,,
visual design,,,,
system integration,,,,
axway b2bi,,,,
canonical data model ,,,,
messaging,,,,
web development,,,,
e-commerce,,,,
mobile-first,,,,
headless architecture ,,,,
react,,,,
javascript,,,,
pwa,,,,
real-time,,,,
user interface,,,,
game,,,,
communication,,,,
web,,,,
web development,,,,
databases,,,,
application architecture,,,,
devops,,,,
full-stack,,,,
fpga,,,,
project,,,,
electronics,,,,
bldc,,,,
vhdl,,,,
automation,,,,
cyber security,,,,
technology,,,,
writer identification,,,,
convolution neural network,,,,
machine learning ,,,,
tensorflow,,,,
internet of things,,,,
encryption,,,,
scripting,,,,
hass,,,,
stress screening,,,,
quality,,,,
reliability,,,,
electronics,,,,
failure,,,,
production,,,,
computer vision,,,,
object detection,,,,
flutter,,,,
image captioning,,,,
deep learning,,,,
yolo,,,,
ssd,,,,
usability,,,,
user interface,,,,
usability testing ,,,,
iconography,,,,
interface colour palette,,,,
3d,,,,
modeling,,,,
games,,,,
texturing,,,,
hand-painted,,,,
server virtualization,,,,
desktop virtualization,,,,
hypervisor,,,,
c++,,,,
webassembly,,,,
qt,,,,
gamification,,,,
end device,,,,
core drives,,,,
game elements ,,,,
game mechanics,,,,
heuristic evaluation ,,,,
ui,,,,
ux,,,,
manual testing,,,,
usability testing,,,,
user testing ,,,,
mobile application,,,,
simulation,,,,
ai,,,,
game engine ,,,,
traffic,,,,
programming,,,,
simulation,,,,
ai,,,,
game engine ,,,,
traffic,,,,
programming,,,,
virtual reality,,,,
unity,,,,
varjo,,,,
eye tracking,,,,
hand tracking,,,,
dollar auction,,,,
dr martin shubik,,,,
paradox of escalation,,,,
prefunding algorithm,,,,
formal precommitment mechanism,,,,
patent claims,,,,
ex parte quayle,,,,
java,,,,
deeplearning4j,,,,
image classification,,,,
deep learning,,,,
transfer learning,,,,
machine learning,,,,
data augmentation,,,,
web service,,,,
grafana,,,,
prometheus,,,,
monitoring,,,,
visualization,,,,
post-processing,,,,
unity,,,,
unreal engine 4,,,,
iot,,,,
iot platform,,,,
vuejs,,,,
loopback ,,,,
web application,,,,
tracking,,,,
monitoring,,,,
continuous integration,,,,
microservice architecture,,,,
monolith architecture,,,,
ruby on rails,,,,
docker,,,,
gitlab ci/cd,,,,
indie games,,,,
digital marketing,,,,
marketing,,,,
strategy,,,,
video,,,,
game,,,,
marketing,,,,
virtual reality,,,,
mirror,,,,
game development,,,,
heightmap,,,,
procedural generation,,,,
terrain generation,,,,
unity,,,,
vr simulation,,,,
visual effect,,,,
vfx,,,,
unity,,,,
particle system,,,,
video game graphics,,,,
object detection,,,,
embedded device,,,,
nvidia jetson nano,,,,
unity,,,,
game development,,,,
data-oriented design,,,,
dots,,,,
c#,,,,
multithreading ,,,,
vr,,,,
ar,,,,
unity,,,,
blender,,,,
game development,,,,
3d-modelling,,,,
lod,,,,
optimization,,,,
vr,,,,
video game,,,,
game industry,,,,
design,,,,
interaction,,,,
video game,,,,
game design,,,,
game development,,,,
balance,,,,
balancing,,,,
microsoft azure,,,,
logic apps,,,,
api management,,,,
service,,,,
bus,,,,
event,,,,
grid,,,,
integration,,,,
spatial audio,,,,
immersion,,,,
hearing,,,,
sound processing,,,,
virtual reality,,,,
web-based service,,,,
web application,,,,
gamification,,,,
real-estate sector,,,,
saas,,,,
360-camera,,,,
360 vision,,,,
vr (virtual reality),,,,
vr-game,,,,
2-dimensional,,,,
3-dimensional,,,,
virtual reality,,,,
hand tracking,,,,
qian,,,,
oculus quest,,,,
wireless,,,,
mixed reality,,,,
eeg,,,,
gamification,,,,
mobile application,,,,
augmented reality,,,,
beamforming,,,,
phased array antenna,,,,
5g,,,,
sdma,,,,
rf design ,,,,
mmimo,,,,
artificial intelligence,,,,
deep learning,,,,
machine learning,,,,
technology,,,,
futuristic,,,,
science,,,,
audio,,,,
video game,,,,
composing,,,,
game industry,,,,
audio design,,,,
micromobility,,,,
cloud-server,,,,
amazon web services,,,,
arduino,,,,
iot,,,,
electric scooter,,,,
audio game,,,,
rhythm game,,,,
horror game,,,,
typing game,,,,
accessibility,,,,
solo development,,,,
converters,,,,
electricity,,,,
electronics,,,,
simulation,,,,
cybersecurity,,,,
automation,,,,
it,,,,
testing,,,,
information and communications,,,,
mobile application development ,,,,
software development,,,,
react native,,,,
express,,,,
mongodb,,,,
usability,,,,
web usability,,,,
usability testing,,,,
remote usability testing,,,,
moderated remote usability testing,,,,
think aloud protocol,,,,
react native,,,,
expo cli,,,,
android,,,,
ios,,,,
cross-platform development,,,,
gprd,,,,
prc cybersecurity law,,,,
pipa,,,,
personal information ,,,,
information security,,,,
virtual reality,,,,
serious games,,,,
user experience,,,,
game testing,,,,
simulation,,,,
correlation,,,,
wi-fi,,,,
virus,,,,
malware,,,,
ransomware,,,,
hacking,,,,
vulnerability,,,,
game development,,,,
motion capture,,,,
rokoko smartsuit,,,,
perception neuron,,,,
artificial intelligence,,,,
ai,,,,
unity,,,,
high-performance computing,,,,
cluster,,,,
slurm,,,,
mpi,,,,
digital signage,,,,
integration,,,,
management system,,,,
service interface,,,,
led,,,,
temperature,,,,
thermal,,,,
simulation,,,,
electronics,,,,
pcb,,,,
5g,,,,
wireless communication,,,,
security,,,,
network,,,,
technology,,,,
git,,,,
software development,,,,
remote work,,,,
continuous integration,,,,
technology,,,,
three-dimensional,,,,
unreal engine,,,,
virtual reality,,,,
cloud computing,,,,
automation,,,,
aws,,,,
iaas,,,,
information security,,,,
web application,,,,
http,,,,
security test,,,,
vulnerability,,,,
owasp,,,,
virtual reality,,,,
multiplayer,,,,
unreal engine 4 ,,,,
unity,,,,
,,,,
,,,,
,,,,
,,,,
,,,,
,,,,
,,,,
,,,,
,,,,
,,,,
